{
  "files": [
    {
      "filepath": "/Users/duang/workspace/codemux/tests/benchmark/micro/shiki-highlight.bench.ts",
      "groups": [
        {
          "fullName": "tests/benchmark/micro/shiki-highlight.bench.ts > codeToHtml: bash (ContentBash hot path)",
          "benchmarks": [
            {
              "id": "876231677_0_0",
              "name": "short command (10 chars)",
              "rank": 1,
              "rme": 1.707351503584666,
              "samples": [],
              "totalTime": 500.0263410000001,
              "min": 0.10395800000003419,
              "max": 1.8522919999999772,
              "hz": 8223.566766055628,
              "period": 0.12160173662451365,
              "mean": 0.12160173662451365,
              "variance": 0.004613881120703335,
              "sd": 0.0679255557261281,
              "sem": 0.00105926993808352,
              "df": 4111,
              "critical": 1.96,
              "moe": 0.0020761690786436993,
              "p75": 0.11820899999997891,
              "p99": 0.25383399999998346,
              "p995": 0.3554170000000454,
              "p999": 1.2615409999999656,
              "sampleCount": 4112,
              "median": 0.11179199999997991
            },
            {
              "id": "876231677_0_1",
              "name": "medium script (400 chars)",
              "rank": 2,
              "rme": 4.954125283017858,
              "samples": [],
              "totalTime": 501.98930599999926,
              "min": 1.9147499999999127,
              "max": 12.40908400000012,
              "hz": 430.2880507976405,
              "period": 2.3240245648148115,
              "mean": 2.3240245648148115,
              "variance": 0.7453444244278421,
              "sd": 0.8633333217407064,
              "sem": 0.058742392116855266,
              "df": 215,
              "critical": 1.96,
              "moe": 0.11513508854903631,
              "p75": 2.361499999999978,
              "p99": 3.7575829999998405,
              "p995": 8.375167000000033,
              "p999": 12.40908400000012,
              "sampleCount": 216,
              "median": 2.1803749999999127
            },
            {
              "id": "876231677_0_2",
              "name": "long output — 200 lines (~10KB)",
              "rank": 3,
              "rme": 0.5798952896128593,
              "samples": [],
              "totalTime": 744.3387069999999,
              "min": 73.61004200000025,
              "max": 75.26558399999976,
              "hz": 13.434744029776759,
              "period": 74.43387069999999,
              "mean": 74.43387069999999,
              "variance": 0.36412891608610304,
              "sd": 0.6034309538680487,
              "sem": 0.1908216224871026,
              "df": 9,
              "critical": 2.262,
              "moe": 0.4316385100658261,
              "p75": 75.09991600000012,
              "p99": 75.26558399999976,
              "p995": 75.26558399999976,
              "p999": 75.26558399999976,
              "sampleCount": 10,
              "median": 74.253604
            }
          ]
        },
        {
          "fullName": "tests/benchmark/micro/shiki-highlight.bench.ts > codeToHtml: other languages",
          "benchmarks": [
            {
              "id": "876231677_1_0",
              "name": "TypeScript component (1.5KB)",
              "rank": 3,
              "rme": 1.2206007996207384,
              "samples": [],
              "totalTime": 502.6157929999981,
              "min": 9.963457999999719,
              "max": 12.22741700000006,
              "hz": 93.51079025883331,
              "period": 10.69395304255315,
              "mean": 10.69395304255315,
              "variance": 0.19746450036525942,
              "sd": 0.4443697788613211,
              "sem": 0.06481799401552789,
              "df": 46,
              "critical": 2.0138,
              "moe": 0.13053047634847004,
              "p75": 10.962958000000071,
              "p99": 12.22741700000006,
              "p995": 12.22741700000006,
              "p999": 12.22741700000006,
              "sampleCount": 47,
              "median": 10.686832999999751
            },
            {
              "id": "876231677_1_1",
              "name": "Python snippet (900 chars)",
              "rank": 2,
              "rme": 1.1513483531581012,
              "samples": [],
              "totalTime": 501.3410510000017,
              "min": 3.867833000000246,
              "max": 5.227833000000373,
              "hz": 237.36336723800338,
              "period": 4.212950008403376,
              "mean": 4.212950008403376,
              "variance": 0.0713883305291255,
              "sd": 0.2671859474768939,
              "sem": 0.024492895647912724,
              "df": 118,
              "critical": 1.9804,
              "moe": 0.048505730541126356,
              "p75": 4.362416999999823,
              "p99": 5.223917000000256,
              "p995": 5.227833000000373,
              "p999": 5.227833000000373,
              "sampleCount": 119,
              "median": 4.143957999999657
            },
            {
              "id": "876231677_1_2",
              "name": "JSON config (500 chars)",
              "rank": 1,
              "rme": 3.340459750402416,
              "samples": [],
              "totalTime": 500.05639299998893,
              "min": 0.31283299999995506,
              "max": 7.738584000000628,
              "hz": 2735.691452303921,
              "period": 0.3655382989766001,
              "mean": 0.3655382989766001,
              "variance": 0.05309482750954808,
              "sd": 0.23042314881441076,
              "sem": 0.006229928443683149,
              "df": 1367,
              "critical": 1.96,
              "moe": 0.012210659749618972,
              "p75": 0.3448340000004464,
              "p99": 0.8924999999999272,
              "p995": 1.3232080000007045,
              "p999": 1.4621250000000146,
              "sampleCount": 1368,
              "median": 0.3269374999995307
            }
          ]
        },
        {
          "fullName": "tests/benchmark/micro/shiki-highlight.bench.ts > highlight-cache: hit vs miss",
          "benchmarks": [
            {
              "id": "876231677_2_0",
              "name": "cache HIT — Map.get (what ContentCode pays on repeat)",
              "rank": 2,
              "rme": 0.20301915138058868,
              "samples": [],
              "totalTime": 500.00003400092373,
              "min": 0,
              "max": 0.2273750000003929,
              "hz": 20840338.582818475,
              "period": 0.00004798386533050073,
              "mean": 0.00004798386533050073,
              "variance": 2.574110208174095e-8,
              "sd": 0.00016044033807537602,
              "sem": 4.970226336407505e-8,
              "df": 10420169,
              "critical": 1.96,
              "moe": 9.741643619358709e-8,
              "p75": 0.00004200000057608122,
              "p99": 0.00008400000024266774,
              "p995": 0.00008400000024266774,
              "p999": 0.00016699999923730502,
              "sampleCount": 10420170,
              "median": 0.00004199999966658652
            },
            {
              "id": "876231677_2_1",
              "name": "cache MISS — codeToHtml + store (what ContentBash pays EVERY time)",
              "rank": 3,
              "rme": 1.2149581731853232,
              "samples": [],
              "totalTime": 500.2820439999905,
              "min": 1.856832999999824,
              "max": 3.2399160000004485,
              "hz": 487.72488024776004,
              "period": 2.0503362459016006,
              "mean": 2.0503362459016006,
              "variance": 0.03941400033637234,
              "sd": 0.19852959561831665,
              "sem": 0.0127095549986544,
              "df": 243,
              "critical": 1.96,
              "moe": 0.024910727797362624,
              "p75": 2.1398750000007567,